id,login,display_name,type,broadcaster_type,description,view_count
19571641,ninja,Ninja,,,"Ninja streams EVERYWHERE. Twitch, YouTube, Facebook, Twitter, Instagram & TikTok",572461481
459331509,auronplay,auronplay,,partner,feliz pero no mucho ,262821738
39276140,rubius,Rubius,,partner,se contar hasta patata,273180519
83232866,ibai,ibai,,partner,Si lees esto que sepas que te aprecio,359339108
71092938,xqc,xQc,,partner,THE BEST AT ABSOLUTELY EVERYTHING. THE JUICER. LEADER OF THE JUICERS.,524730962
60056333,tfue,Tfue,,partner,@Tfue on Socials,310427076
37402112,shroud,shroud,,partner,I'm back baby,570770965
48878319,thegrefg,TheGrefg,,partner,"Hola, me llamo David aunque la gente me llama ""TheGrefg"" y me gusta entretener =) Business: contact@thegrefg.com",263195635
121510236,juansguarnizo,juansguarnizo,,partner,"Juan Sebasti√°n Guarnizo conocido art√≠sticamente como JuanSGuarnizo (abreviado Juanito), es un productor musical colombiano. Es conocido por sus Juan Music Sessions y sus Juan Freestyle Sessions, sesiones que realiza junto a otros artistas.",167524461
44445592,pokimane,pokimane,,partner,"Welcome to my channel! :) I play a variety of games, chat, stream IRL & more! I love interacting with my chat & making others happy, so come say hi!",219814873
26301881,sodapoppin,sodapoppin,,partner,"Wtf do i write here? Click my stream, or i scream.",398389356
96419668,heelmike,Heelmike,,partner,Its not being cocky. It‚Äôs just confidence.,8434167
110690086,myth,Myth,,,Keep Believing ‚úåüèΩ - FPS / Variety Streamer. 23 years old. Half Black / Half Lebanese. - Business Email : myth@loaded.gg,167569029
116228390,tommyinnit,tommyinnit,,partner,incredibly influential gamer,64203489
36769016,timthetatman,TimTheTatman,,,"Gamer, nerd, geek. Streaming mostly FPS/Whatevs/Yolo. Feel welcomed, talk to me, and be yourself. Welcome to the #tatmanarmy, one of the most interactive communities on twitch!",262024069
59299632,adinross,AdinRoss,,partner,business email - contactadinross@gmail.com,52369858
15564828,nickmercs,NICKMERCS,,partner,"Former MLG National Champion. A fellow gym rat, who streams mostly Competitive Shooters! Thank you all so much for your continued support. Follow the stream and my Twitter account to be notified when I will be going live - @Nickmercs ",222844538
32140000,sypherpk,SypherPK,,partner,26 year old professional streamer and educational commentator -- Follow the stream for a mix of competitiveness and content creation! -- @SypherPK on all socials for updates and more. #PKHOODüëπ,111968384
451544676,dream,Dream,,partner,"Hey, I'm Dream on Youtube. https://www.youtube.com/dream I play Minecraft and do other shenanigans ",17296428
26490481,summit1g,summit1g,,partner,I'm a variety streamer(kind of). Been streaming since 2012(ish). I'm 100% better than you at shooting and puzzle games. I tweet when I go live @summit1g on Twitter.,505141393
125387632,amouranth,Amouranth,,partner,WOOF WOOF üíúBARK FOR MEüíú,401259961
38244180,alanzoka,alanzoka,,partner,To sempre jogando alguma coisa a√≠.,205713417
496795673,elmariana,ElMariana,,partner,"Me gusta hacer desmadre, jalate y pasemos un buen rato juntos.",33316325
157658336,elspreen,ElSpreen,,partner,Que onda gente,32897887
31239503,esl_csgo,ESL_CSGO,,partner,Home of all CSGO broadcasts of @ESL - the world's largest esports company! ,770388686
233300375,clix,Clix,,partner,"Hi, my name is Cody (Clix), I am a pro fortnite player who loves to stream and interact with fans. I stream whenever I can, and It would mean the world to me if you guys hit the follow button! ",123401948
76385901,elded,elded,,partner,"Corazon puro, acciones dedsastrozas. ",82391185
55125740,fortnite,Fortnite,,partner,"Official Twitch for Fortnite; a free multiplayer game where you compete in Battle Royale, collaborate to create your private island in Creative, or quest in Save the World.",109591755
133705618,mongraal,Mongraal,,partner,,96913228
70357283,arigameplays,AriGameplays,,partner,"Hola, soy AriGameplays!  ‚ô• Tengo 24 a√±os y juego un poco de todo, me gusta hablar mucho y pasar tiempo con amigos. ‚úß*„ÄÇ",36910528
48526626,quackity,Quackity,,partner,take a picture,29423919
82524912,bugha,Bugha,,partner,"Professional E-Sports Player for team Sentinels. Fortnite World Cup Winner.  Esports Rookie of the year, 2x Esports Player of the year.  2x FNCS & 1x FNCS Grand Royale winner. ",110164532
51496027,loltyler1,loltyler1,,partner,Season 6 Challenger | Most REFORMED Player NA | #1 Draven World ,301327063
223191589,tubbo,Tubbo,,partner,huh?,65500120
474849254,georgenotfound,GeorgeNotFound,,partner,I play Minecraft sometimes :),21416868
45044816,montanablack88,MontanaBlack88,,partner,,155770599
39298218,dakotaz,Dakotaz,,partner,your favorite solo player,134021159
185048086,wilbursoot,WilburSoot,,partner,YES!!!,25084886
132230344,moistcr1tikal,moistcr1tikal,,partner,I make things,59320942
199811071,robleis,Robleis,,partner,do what u want.,23683287
29829912,drlupo,DrLupo,,,"Father, husband, and gamer from the midwest. Streaming exclusively on YouTube! // YouTube.com/DrLupo",171183009
38594688,fresh,Fresh,,partner,Yes ,61024098
489155160,ranboolive,RanbooLive,,partner,Just a guy doing something. Feel free to stop by!,66919610
44424631,nickeh30,NickEh30,,partner,Family-Friendly ‚Ä¢ Positivity ‚Ä¢ Fortnite Creator ‚Ä¢ 27 years old ‚Ä¢ Born in Nova Scotia ‚Ä¢ Canadian/Lebanese ‚Ä¢ #EhTeam,79897169
127651530,daequanwoco,DaequanWoco,,partner,,52847537
3389768,philza,Philza,,partner,"Hi i'm Phil, I died to a baby zombie after 5 years of Minecraft Hardcore now I do this full time :D ‚Ä¢ Business: PhilzaBusiness@gmail.com",52023398
512977322,slakun10,SLAKUN10,,partner,,17531532
26154978,sykkuno,Sykkuno,,,Hi ! ,103581374
52130765,squeezie,Squeezie,,partner,√ßa live chaque mercredi de 20h √† 00h ,66690693
66983298,benjyfishy,benjyfishy,,partner,"Valorant for @NRGgg / be sure to follow my twitter, instagram, youtube and join my discord :) ",82474086
43691,faker,Faker,,partner,,152497149
57781936,rocketleague,RocketLeague,,partner,The official Rocket League Twitch channel from Psyonix Studios!,311587337
24147592,gotaga,Gotaga,,partner,"Je m‚Äôappelle Corentin Houssein, j'ai 29 ans et je suis un ancien joueur professionnel sur les opus Call Of Duty sous le pseudonyme Gotaga. De nombreuses fois champion d'Europe et de France, je suis actuellement le joueur fran√ßais le plus titr√© sur Consoles.",184849109
506590738,nobru,NOBRU,,partner,"Ol√°, meu nome √© Bruno, moro em S√£o Paulo Capital, e venho por meio desta plataforma interagir com voc√™s alegrando os nossos dias! ",25033668
181077473,gaules,Gaules,,partner,"Mais um guerreiro da Maior Tribo do Mundo! Atuei como jogador profissional de CS por quase uma d√©cada, fui o primeiro treinador a ser campe√£o do mundo em 2007 com o MIBR. Acertei um pouco, errei muito, ganhei bastante coisa e tbm perdi demais! Atualmente fa√ßo live todos os dias aqui na Twitch! ",404700495
31688366,symfuhny,Symfuhny,,partner,Hi nice to meet u,92326379
36473331,coscu,coscu,,partner,"Martin P√©rez Disalvo alias Coscu, embajador de Nike y Lider de la Coscu Army.Hi RP",88316980
52091823,castro_1021,Castro_1021,,partner,Trying to make people smile since 2013 ‚ô•Ô∏è,136380441
165080419,elraenn,Elraenn,,partner,"""What we do in life, echoes in eternity.""",101212374
569325723,loud_coringa,loud_coringa,,partner,"Eaeeee! Meu nome √© Victor, mais conhecido como Coringa! Sou da Loud, uma organiza√ß√£o giganteee com diversos criadores e fa√ßo lives todos os dias aqui na Twitch. Prepare-se pra dar muitas risadas, passar nervoso em diversos games e acima de tudo se divertir! Ja segue e liga as notifica√ß√µes!",50779844
124442278,karljacobs,karljacobs,,partner,A gamer who is mighty epic. Business: Karl@nightmedia.co,21813564
490592527,valorant,VALORANT,,partner,VALORANT is a 5v5 character based tactical shooter video game from Riot Games. ,129406260
197855687,fernanfloo,Fernanfloo,,partner,Youtuber jubilado e intento de streamer =),13814064
60917582,s1mple,s1mple,,partner,"Hey, my name is Oleksandr ""s1mple"" Kostyliev. For friends im Sasha",99141700
26261471,asmongold,Asmongold,,partner,Sup yall it's me it's ya boy Asmongold,236178673
86277097,buster,buster,,partner,"–í—Å–µ–≥–¥–∞ –ª–µ–≥–∫–æ –æ–±–∏–¥–µ—Ç—å –º–∞—Ç—å. –û–Ω–∞ –æ–±–∏–¥—É –Ω–µ –∑–∞–º–µ—Ç–∏—Ç. –ò —Ç–æ–ª—å–∫–æ –º–æ–∂–µ—Ç –≤–∞–º —Å–∫–∞–∑–∞—Ç—å ‚Äî ¬´–ù–µ –ø—Ä–æ—Å—Ç—É–¥–∏—Å—å, —Å–µ–≥–æ–¥–Ω—è –≤–µ—Ç–µ—Ä¬ª.   –†–µ–∫–ª–∞–º–∞ –∏ —Å–æ—Ç—Ä—É–¥–Ω–∏—á–µ—Å—Ç–≤–æ: buster@streamers-alliance.com",113970009
19942092,alexby11,Alexby11,,partner,,47588263
499337742,gabelulz,gabelulz,,,hai,744
64342766,trymacs,Trymacs,,partner,Moin Leute! ,148149322
46094501,missasinfonia,MissaSinfonia,,partner,"Hago videos, mi mam√° dice que est√°n chidos.",8900710
123922797,iamcristinini,IamCristinini,,partner,"üì∫ Presentadora de TV || üéô Doblaje || üéÆ Videojuegos || ‡µ†  Emprendedora, creativa y entusiasta ",92226185
70225218,tenz,TenZ,,partner,Professional VALORANT Player for Sentinels,52820165
40934651,ludwig,ludwig,,,x,97677946
16764225,syndicate,Syndicate,,partner,"Im Syndicate! I love playing video games & posting videos on YouTube to my channel /Syndicate, But more than anything I LOVE live streaming! Click that follow button, enjoy the randomness and have fun! - Life's too short, make the most of it! ‚ô•",76265598
189290002,x2twins,x2Twins,,partner,Professional Fortnite Players,49354824
639654714,quackitytoo,QuackityToo,,partner,un dos tres cuatro dudududududududududududu,3511657
44332309,sapnap,Sapnap,,partner,I like to make Minecraft content :) Business: sapnap@night.co,12702556
254489093,casimito,casimito,,partner,Espero que se divirta! ,37755893
31919607,elxokas,elxokas,,partner,Llevo 31 a√±os haciendo el gilipollas y ahora lo hago tambi√©n en internet.,96891425
579785040,biyin_,biyin_,,partner,Tu Biy√≠n de siempre ahora en movimiento.,28592362
57793021,lolitofdez,LOLITOFDEZ,,partner,| CHEATER 100% CONFIRMED | ,44577151
23161357,lirik,LIRIK,,partner,"We like to play everything, relax, and have a good time. ",421965131
120244187,aydan,Aydan,,partner,"23 year old, fluffy entertainer looking to give the best viewing experience possible! [B3ST] Icee on TOP",63025116
245226810,jelty,Jelty,,partner,"Soy Jelty.Jugador Mexicano, juego desde la temporada 1 en PS4 y despu√©s me cambi√© a PC y me hice bueno, hago streams casi todos los d√≠as por las tardes (hora mexico)",79016067
41245072,loserfruit,Loserfruit,,partner,"""The streamer to watch when no one else is live...."" - Thomas Jefferson",56617494
81687332,cloakzy,cloakzy,,partner,Battle Royale Pro Player.,61541709
44578737,jacksepticeye,jacksepticeye,,partner,,15900355
88946548,aceu,aceu,,partner,bowl,71070690
51950404,wtcn,wtcN,,partner,Merhaba ben Ferit ,142078075
106820088,carreraaa,Carreraaa,,partner,hola soy carre,10732983
198182340,mrsavage,MrSavage,,partner,Pro Fortnite Player and Content Creator for Become Legends. 3x DreamHack winner. Code 200IQ #ad.,41647507
167189231,staryuuki,Staryuuki,,partner,‚ô• Twitch Partner ‚ô• Adoro hacer reir a los demas ‚ô• Amante de los videojuegos,42313278
87204022,disguisedtoast,DisguisedToast,,partner,I'm Toast Business - teamdisguisedtoast@gmail.com,90274546
26946000,nightblue3,Nightblue3,,partner,Challenger jungler making fun league of legends streams -- Check out our YouTube channel: https://www.youtube.com/nightblue3/,257384761
641972806,kaicenat,KaiCenat,,partner,Come Through & Watch These Litt STREAMS!,9147829
123512311,nihachu,Nihachu,,partner,What is this used for?,17149934
28029009,easportsfifa,EASPORTSFIFA,,partner,"The official hub of EA SPORTS FIFA. Follow for live competitive events, Top Bins, and all things FIFA 23.  ",63116238
76508554,anomaly,Anomaly,,partner,That famous Swedish guy that's not PewDiePie.,71583657
246450563,stableronaldo,StableRonaldo,,partner,"I am professional loud man. If I'm not live I get made fun of, If I'm live I get made fun of. Welcome to the channel  ",44194418
