streamer,games
ninja,"['Roblox', 'Fortnite']"
auronplay,"['Just Chatting', 'Grand Theft Auto V', 'Minecraft', 'Fall Guys']"
rubius,"['Just Chatting', 'Grand Theft Auto', 'Grand Theft Auto V', 'Dome Keeper']"
ibai,"['Just Chatting', 'VALORANT', 'League of Legends', 'Special Events']"
xqc,Overwatch 2
tfue,['Fortnite']
shroud,"['Just Chatting', 'Way of the Hunter', 'Dark and Darker', 'Call of Duty: Modern Warfare II']"
thegrefg,God of War
juansguarnizo,"['Just Chatting', 'Grand Theft Auto V', 'Minecraft', 'Fall Guys']"
pokimane,"['Just Chatting', 'Overwatch 2', 'Among Us', 'Fortnite']"
sodapoppin,"['Just Chatting', 'Dark and Darker', 'Brotato', 'Rampage Knights']"
heelmike,['Just Chatting']
myth,"['Fall Guys', 'VALORANT', 'Among Us', 'Grand Theft Auto V']"
tommyinnit,"['Minecraft', 'Just Dance 2015', 'Just Chatting', 'Jackbox Party Packs']"
timthetatman,['Call of Duty: Modern Warfare II']
adinross,[]
nickmercs,['Apex Legends']
sypherpk,"['Fortnite', 'Overwatch 2']"
dream,['Minecraft']
summit1g,['Grand Theft Auto V']
amouranth,"['Just Chatting', ""I'm Only Sleeping"", 'Pools, Hot Tubs, and Beaches']"
alanzoka,"['Just Chatting', 'The Chant', 'DayZ', 'Resident Evil Village']"
elmariana,"['Call of Duty: Modern Warfare II', 'DEVOUR', 'Minecraft']"
elspreen,['Just Chatting']
esl_csgo,['Counter-Strike: Global Offensive']
clix,"['Fortnite', 'Just Chatting', 'Grand Theft Auto V', 'VALORANT']"
elded,['Left 4 Dead 2']
fortnite,['fortnite']
mongraal,"['Call of Duty: Modern Warfare II', 'Fortnite']"
arigameplays,"['Just Chatting', 'The Mortuary Assistant', 'Minecraft', 'The Closing Shift']"
quackity,"['Just Chatting', 'Minecraft']"
bugha,"['Fortnite', 'NBA 2K23', 'VALORANT', 'Call of Duty: Modern Warfare II']"
loltyler1,"['League of Legends', 'Overwatch 2']"
tubbo,"['Just Chatting', 'Minecraft']"
georgenotfound,['Just Chatting']
montanablack88,"['Just Chatting', 'FIFA 23']"
dakotaz,['Fortnite']
wilbursoot,"['Just Chatting', 'Minecraft']"
moistcr1tikal,[]
robleis,"['Just Chatting', 'Grand Theft Auto V', 'Minecraft', 'Roblox']"
drlupo,['Call of Duty: Modern Warfare II']
fresh,['fortnite']
ranboolive,"['Just Chatting', 'Phasmophobia', 'Cuphead', 'Minecraft']"
nickeh30,"['Fortnite', 'Call of Duty: Modern Warfare II', 'Overwatch 2', 'Fall Guys']"
daequanwoco,"['fortnite', 'Call of Duty: Modern Warfare II']"
philza,"['Art', 'Minecraft', 'Just Chatting', 'Fall Guys']"
slakun10,"['Just Chatting', 'Sports']"
sykkuno,['among us']
squeezie,"['Just Chatting', 'Escape the Ayuwoki', 'Tower of Fantasy', 'Roblox']"
benjyfishy,['VALORANT']
faker,['league of legends']
rocketleague,['rocket league']
gotaga,"['Overwatch 2', 'Just Chatting', 'Special Events', 'Call of Duty: Modern Warfare II']"
nobru,['fortnite']
gaules,['Counter-Strike: Global Offensive']
symfuhny,"['Call of Duty: Modern Warfare II', 'Call of Duty: Warzone']"
coscu,"['Just Chatting', 'League of Legends', 'Slots']"
castro_1021,"['FIFA 23', 'Just Chatting']"
elraenn,"['Just Chatting', ""Dealer's Life 2"", 'Ranch Simulator', 'Car Dealership Simulator']"
loud_coringa,"['Just Chatting', 'Grand Theft Auto V', 'Mortal Kombat 11', 'Stress Test']"
karljacobs,"['Just Chatting', 'Roblox']"
valorant,['VALORANT']
fernanfloo,"['Just Chatting', 'fortnite']"
s1mple,['Counter-Strike: Global Offensive']
asmongold,['World of Warcraft']
buster,"['Just Chatting', 'Counter-Strike: Global Offensive', 'Clash Royale', 'Dota 2']"
alexby11,"['Just Chatting', 'Grand Theft Auto V', 'Call of Duty: Modern Warfare II', 'Minecraft']"
gabelulz,[]
trymacs,['Minecraft']
missasinfonia,['Just Chatting']
iamcristinini,"['Just Chatting', 'Minecraft', 'Madison', 'Age of Empires II']"
tenz,"['VALORANT', 'Overwatch 2']"
ludwig,['Mario Party']
syndicate,"['Old School RuneScape', 'Call of Duty: Modern Warfare II', 'Talk Shows & Podcasts']"
x2twins,['fortnite']
quackitytoo,['Minecraft']
sapnap,"['Minecraft', 'Just Chatting']"
casimito,"['Sports', 'Just Chatting', 'Call of Duty: Modern Warfare II', 'FIFA 23']"
elxokas,"['Just Chatting', 'Rust', 'The Forest', 'Tower of Fantasy']"
biyin_,"['Food Truck Simulator', 'Minecraft', 'VALORANT', 'Just Chatting']"
lolitofdez,"['Just Chatting', 'Minecraft']"
lirik,"['Special Events', 'Dark and Darker', 'Just Chatting', 'Chivalry 2']"
aydan,"['Call of Duty: Modern Warfare II', 'Fortnite']"
jelty,['VALORANT']
loserfruit,['Fortnite']
cloakzy,"['Call of Duty: Modern Warfare II', 'Call of Duty: Warzone']"
jacksepticeye,['Just Chatting']
aceu,"['Apex Legends', 'Dave the Diver', 'Madison', 'The Mortuary Assistant']"
wtcn,"['Just Chatting', 'FIFA 23', 'Call of Duty: Modern Warfare II', 'VALORANT']"
carreraaa,['Just Chatting']
mrsavage,['Fortnite']
staryuuki,"['Just Chatting', 'Food & Drink', 'Madison', 'Just Dance 2022']"
disguisedtoast,"['Just Chatting', 'Genshin Impact', 'Overwatch 2', 'The Bathhouse']"
nightblue3,"['League of Legends', 'Just Chatting']"
kaicenat,[]
nihachu,"['Just Chatting', 'King of the Castle', 'Genshin Impact']"
easportsfifa,['FIFA 23']
anomaly,"['Counter-Strike: Global Offensive', 'Labyrinthian', 'Just Chatting']"
stableronaldo,"['Just Chatting', 'Fortnite', 'Call of Duty: Modern Warfare II', 'Music']"
